Android_18;ótimo celular;50.0
Android_18;ótimo celular;50.0
Android_18;ótimo celular;50.0
Android_18;ótimo celular;50.0
Android_18;ótimo celular;50.0
Android_18;ótimo celular;50.0
Android_18;ótimo celular;50.0
Android_18;ótimo celular;50.0
Android_18;ótimo celular;50.0
Android_18;ótimo celular;50.0
Android_18;ótimo celular;50.0
Android_18;ótimo celular;50.0
Android_18;ótimo celular;50.0
Android_18;ótimo celular;50.0
Android_18;ótimo celular;50.0
Android_18;ótimo celular;50.0
Android_18;ótimo celular;50.0
Android_18;ótimo celular;50.0
Android_18;ótimo celular;50.0
Android_18;ótimo celular;50.0
Android_18;ótimo celular;50.0
Android_18;ótimo celular;50.0
Android_18;ótimo celular;50.0
Android_18;ótimo celular;50.0
Android_18;ótimo celular;50.0
Android_18;ótimo celular;50.0
Android_18;ótimo celular;50.0
Android_18;ótimo celular;50.0
Android_18;ótimo celular;50.0
Android_18;ótimo celular;50.0
Android_18;ótimo celular;50.0
Android_18;ótimo celular;50.0
Android_18;ótimo celular;50.0
Android_18;ótimo celular;50.0
Android_18;ótimo celular;50.0
Android_18;ótimo celular;50.0
Android_18;ótimo celular;50.0
Android_18;ótimo celular;50.0
Android_18;ótimo celular;50.0
Android_18;ótimo celular;50.0
Android_18;ótimo celular;50.0
Android_18;ótimo celular;50.0
Android_18;ótimo celular;50.0
Android_18;ótimo celular;50.0
Android_18;ótimo celular;50.0
Android_18;ótimo celular;50.0
Android_18;ótimo celular;50.0
Android_18;ótimo celular;50.0
Android_18;ótimo celular;50.0
Android_18;ótimo celular;50.0
Android_18;ótimo celular;50.0
Android_18;ótimo celular;50.0
Android_18;ótimo celular;50.0
Android_18;ótimo celular;50.0
Android_18;ótimo celular;50.0
Android_18;ótimo celular;50.0
Android_18;ótimo celular;50.0
Android_18;ótimo celular;50.0
Android_18;ótimo celular;50.0
Android_18;ótimo celular;50.0
Android_18;ótimo celular;50.0
Android_18;ótimo celular;50.0
Android_18;ótimo celular;50.0
Android_18;ótimo celular;50.0
Android_18;ótimo celular;50.0
Android_18;ótimo celular;50.0
Android_18;ótimo celular;50.0
Android_18;ótimo celular;50.0
Android_18;ótimo celular;50.0
Android_18;ótimo celular;50.0
Android_18;ótimo celular;50.0
Android_18;ótimo celular;50.0
Android_18;ótimo celular;50.0
Android_18;ótimo celular;50.0
Android_18;ótimo celular;50.0
Android_18;ótimo celular;50.0
Android_18;ótimo celular;50.0
Android_18;ótimo celular;50.0
Android_18;ótimo celular;50.0
Android_18;ótimo celular;50.0
Android_18;ótimo celular;50.0
Android_18;ótimo celular;50.0
Android_18;ótimo celular;50.0
Android_18;ótimo celular;50.0
Android_18;ótimo celular;50.0
Android_18;ótimo celular;50.0
Android_18;ótimo celular;50.0
Android_18;ótimo celular;50.0
Android_18;ótimo celular;50.0
Android_18;ótimo celular;50.0
Android_18;ótimo celular;50.0
Android_18;ótimo celular;50.0
Android_18;ótimo celular;50.0
Android_18;ótimo celular;50.0
Android_18;ótimo celular;50.0
Android_18;ótimo celular;50.0
Android_18;ótimo celular;50.0
Android_18;ótimo celular;50.0
Android_18;ótimo celular;50.0
Android_18;ótimo celular;50.0
Android_18;ótimo celular;50.0
Android_18;ótimo celular;50.0
Android_18;ótimo celular;50.0
Android_18;ótimo celular;50.0
Android_18;ótimo celular;50.0
Android_18;ótimo celular;50.0
Android_18;ótimo celular;50.0
Android_18;ótimo celular;50.0
Android_18;ótimo celular;50.0
Android_18;ótimo celular;50.0
Android_18;ótimo celular;50.0
Android_18;ótimo celular;50.0
Android_18;ótimo celular;50.0
Android_18;ótimo celular;50.0
Android_18;ótimo celular;50.0
Android_18;ótimo celular;50.0
Android_18;ótimo celular;50.0
Android_18;ótimo celular;50.0
Android_18;ótimo celular;50.0
Android_18;ótimo celular;50.0
Android_18;ótimo celular;50.0
Android_18;ótimo celular;50.0
Android_18;ótimo celular;50.0
Android_18;ótimo celular;50.0
Android_18;ótimo celular;50.0
Android_18;ótimo celular;50.0
Android_18;ótimo celular;50.0
Android_18;ótimo celular;50.0
Android_18;ótimo celular;50.0
Android_18;ótimo celular;50.0
Android_18;ótimo celular;50.0
Android_18;ótimo celular;50.0
Android_18;ótimo celular;50.0
Android_18;ótimo celular;50.0
Android_18;ótimo celular;50.0
Android_18;ótimo celular;50.0
Android_18;ótimo celular;50.0
Android_18;ótimo celular;50.0
Android_18;ótimo celular;50.0
Android_18;ótimo celular;50.0
Android_18;ótimo celular;50.0
Android_18;ótimo celular;50.0
Android_18;ótimo celular;50.0
Android_18;ótimo celular;50.0
Android_18;ótimo celular;50.0
Android_18;ótimo celular;50.0
Android_18;ótimo celular;50.0
Android_18;ótimo celular;50.0
Android_18;ótimo celular;50.0
Android_18;ótimo celular;50.0
Android_18;ótimo celular;50.0
Android_18;ótimo celular;50.0
Android_18;ótimo celular;50.0
Android_18;ótimo celular;50.0
Android_18;ótimo celular;50.0
Android_18;ótimo celular;50.0
Android_18;ótimo celular;50.0
Android_18;ótimo celular;50.0
Android_18;ótimo celular;50.0
Android_18;ótimo celular;50.0
Android_18;ótimo celular;50.0
Android_18;ótimo celular;50.0
Android_18;ótimo celular;50.0
Android_18;ótimo celular;50.0
Android_18;ótimo celular;50.0
Android_18;ótimo celular;50.0
Android_18;ótimo celular;50.0
Android_18;ótimo celular;50.0
Android_18;ótimo celular;50.0
Android_18;ótimo celular;50.0
Android_18;ótimo celular;50.0
Android_18;ótimo celular;50.0
Android_18;ótimo celular;50.0
Android_18;ótimo celular;50.0
Android_18;ótimo celular;50.0
Android_18;ótimo celular;50.0
Android_18;ótimo celular;50.0
Android_18;ótimo celular;50.0
Android_18;ótimo celular;50.0
Android_18;ótimo celular;50.0
Android_18;ótimo celular;50.0
Android_18;ótimo celular;50.0
Android_18;ótimo celular;50.0
Android_18;ótimo celular;50.0
Android_18;ótimo celular;50.0
Android_18;ótimo celular;50.0
Android_18;ótimo celular;50.0
Android_18;ótimo celular;50.0
Android_18;ótimo celular;50.0
Android_18;ótimo celular;50.0
Android_18;ótimo celular;50.0
Android_18;ótimo celular;50.0
Android_18;ótimo celular;50.0
Android_18;ótimo celular;50.0
Android_18;ótimo celular;50.0
Android_18;ótimo celular;50.0
Android_18;ótimo celular;50.0
Android_18;ótimo celular;50.0
Android_18;ótimo celular;50.0
Android_18;ótimo celular;50.0